Token,Total_Attribution
rows,7.8231096e-08
Thread,5.0116795510000015e-08
Program,3.774766785e-08
test,3.643799565000001e-08
page,3.259629e-08
sleep,2.8740032729999998e-08
State,2.63098625e-08
wait,2.517481357e-08
shuffle,2.37487259e-08
try,2.3443135749999996e-08
Cluster,2.2540916570000002e-08
List,2.0052539539999997e-08
Future,1.9877915749999997e-08
Executor,1.851003692e-08
Latch,1.849548429e-08
assert,1.674925439e-08
Service,1.4886609219999999e-08
Assert,1.4828401624e-08
Name,1.44355003e-08
Queue,1.420266913e-08
Messages,1.3926182946e-08
persistent,1.379521597e-08
return,1.3504177e-08
start,1.340959015e-08
1,1.33295543e-08
table,1.3125827640000002e-08
Alias,1.3038516e-08
Reduce,1.30385156e-08
Test,1.2380041859999998e-08
Query,1.21071935e-08
thread,1.17579472e-08
Keeper,1.1437805330000002e-08
Table,1.121952677e-08
Statement,1.1175871e-08
Pool,1.1175871e-08
Broker,1.081207298e-08
when,9.778887200000002e-09
STOPPED,9.426002994e-09
local,9.313226e-09
Record,9.25501805e-09
Servlet,9.02218744e-09
strategy,8.9639797e-09
Interrupted,8.512870320000001e-09
1000,8.44011077e-09
Metrics,8.1199686e-09
SECONDS,8.058122965e-09
get,8.003553500000002e-09
link,7.916242e-09
fs,7.53789214e-09
quartz,7.50878825e-09
ws,7.2759576e-09
Lineage,7.1595422699999994e-09
Timer,6.9849193e-09
OUTPUTS,6.81029637e-09
stop,6.72298486e-09
click,6.6356733e-09
Time,6.57746572e-09
final,6.50470608e-09
executor,6.40284268e-09
10,6.1700121000000005e-09
Datanode,6.1118045e-09
producer,6.0827005559999995e-09
engine,6.0535967e-09
expect,5.93718135e-09
Sequence,5.8207660999999995e-09
Calculator,5.733454616e-09
Heartbeat,5.64614302e-09
consumer1,5.41331253e-09
rhino,5.35510482e-09
flush,5.253241339999999e-09
Duration,5.238689450000001e-09
deploy,5.23868943e-09
Dispatcher,5.15501597e-09
Lost,5.122274e-09
operations,5.0640664999999996e-09
Url,5.005859e-09
Stores,5.0058588e-09
Session,4.987669e-09
mock,4.93309923e-09
MILLISECONDS,4.893081479e-09
subscribe,4.80213201e-09
pipelines,4.7875801e-09
Spec,4.7730282e-09
TEST,4.656613e-09
job,4.656613e-09
100,4.4819899e-09
Hello,4.4237821000000005e-09
master,4.3655745e-09
monitor,4.34374675e-09
lock,4.3364707e-09
Utils,4.3364706999999994e-09
await,4.32919476e-09
Ignite,4.3219187e-09
3000,4.307367e-09
Dequeued,4.27826302e-09
For,4.24915929e-09
JBIContainer,4.23460733e-09
Socket,4.227331349999999e-09
System,4.19095153e-09
Topic,4.176399669999999e-09
Rows,4.16184781e-09
task,4.13274393e-09
latest,4.0745362999999995e-09
remaining,4.07453625e-09
dispatcher,4.05998434e-09
Protocols,3.95812093e-09
Client,3.91446516e-09
Consumer,3.85625761e-09
compact,3.78349797e-09
Bundle,3.765308145e-09
Process,3.7252903e-09
Project,3.7252903e-09
Fresh,3.7252903e-09
Connection,3.72529026e-09
Live,3.7252902499999997e-09
consumer,3.7034624e-09
connect,3.6670826e-09
new,3.63797872e-09
void,3.62342688e-09
Build,3.5652191899999997e-09
capture,3.5506673699999998e-09
Message,3.5506673500000005e-09
Receiver,3.5506673e-09
store,3.5506673e-09
Received,3.5506671999999996e-09
Registration,3.4924596e-09
Animation,3.434252e-09
create,3.3760443799999995e-09
Collections,3.37604433e-09
now,3.3614924e-09
ctx,3.3178367e-09
Messaging,3.3178367e-09
public,3.30328475e-09
500,3.2887329e-09
runs,3.259629e-09
put,3.259629e-09
list,3.259629e-09
sync,3.259629e-09
Clock,3.259629e-09
String,3.22324923e-09
Watcher,3.208697283e-09
spark1,3.2014214100000006e-09
0,3.2014213000000003e-09
region,3.1432137e-09
Completable,3.14321369e-09
set,3.0559021899999998e-09
looper,3.0559021899999998e-09
Runnable,3.034074288e-09
minute,3.0267984e-09
Admin,3.0267984e-09
Bound,3.0267984e-09
Continuum,3.02679836e-09
global,2.9394869e-09
Responder,2.8812792300000003e-09
PROBLEM,2.8521753999999993e-09
is,2.85217534e-09
zkw,2.8230715e-09
Distributed,2.7939678e-09
Location,2.7939677e-09
bm,2.7939677e-09
Address,2.7939676999999997e-09
Expired,2.73576005e-09
Satisified,2.73576004e-09
MQConnection,2.7139322500000003e-09
Mock,2.70665624e-09
endpoint,2.7066562399999996e-09
Byte,2.6775524e-09
endpoint2,2.67027637e-09
Master,2.6484486e-09
Feature,2.64844859e-09
That,2.6484485e-09
while,2.5611371000000004e-09
Null,2.5611371000000004e-09
Commit,2.5611371e-09
aq,2.56113707e-09
Menu,2.561137e-09
Catalog,2.561137e-09
Key,2.561137e-09
acknowledge,2.51748132e-09
iox,2.5029294e-09
connection1,2.495653503e-09
boolean,2.48837751e-09
Lock,2.4447218e-09
Quartz,2.4447218e-09
Clusters,2.4447218e-09
Token,2.4447218e-09
Selenium,2.44472176e-09
long,2.4156179400000003e-09
Http,2.40106603e-09
has,2.3865141e-09
producer2,2.38651405e-09
Worker,2.386514e-09
topic,2.33922038e-09
QName,2.3283065000000003e-09
1001,2.3283064e-09
println,2.3283064e-09
URI,2.3283064e-09
Captor,2.3137545600000003e-09
Events,2.29920261e-09
UTIL,2.277374708e-09
register,2.2700988e-09
Get,2.2519089e-09
cancelled,2.240995e-09
Protocol,2.22644306e-09
Number,2.226443e-09
m,2.21189112e-09
Listener,2.2118911000000002e-09
Sub,2.2118911e-09
location,2.2118911e-09
5,2.2118911e-09
Response,2.2118911e-09
allocator,2.19733918e-09
null,2.18278727e-09
Cancelled,2.1536834299999997e-09
web,2.1536833999999998e-09
poll,2.0954758e-09
random,2.0954758e-09
Reg,2.0954758e-09
Group,2.0954758e-09
Activity,2.0954758e-09
renewed,2.0954758e-09
Workbench,2.09547577e-09
Count,2.08819985e-09
Wait,2.08092384e-09
Clean,2.0663720000000004e-09
deleted,2.06637197e-09
service,2.06637194e-09
Mark,2.0372681e-09
Spy,2.03726806e-09
hm,1.9790605e-09
Server,1.97906048e-09
Ack,1.97906043e-09
Millis,1.9208528100000004e-09
selenium,1.92085277e-09
Projects,1.91357689e-09
server1,1.8771971e-09
schedule,1.8626452e-09
Stub,1.86264516e-09
On,1.86264515e-09
subprotocols,1.86264514e-09
NAME,1.8626451e-09
Meta,1.8626451e-09
Y,1.8626451e-09
Environment,1.8626451e-09
restart,1.8626451e-09
Asserted,1.811713406e-09
notified,1.78988557e-09
Runner,1.7753337e-09
notify,1.7535057799999999e-09
Prepare,1.74622983e-09
loaded,1.7462298e-09
300,1.7462298e-09
To,1.7462298e-09
namespaces,1.71712601e-09
Acknowledge,1.70257411e-09
Zoo,1.70257407e-09
Status,1.6880222e-09
Down,1.6880222e-09
servlet,1.6880222e-09
Ui,1.6880222e-09
Text,1.68802215e-09
synchronized,1.6807462099999999e-09
size,1.6734703000000001e-09
pulsar2,1.67347029e-09
Event,1.6443664200000002e-09
Path,1.6443663999999999e-09
ACTION,1.6298145e-09
remove,1.6298145e-09
Present,1.6298145e-09
X,1.6298145e-09
Online,1.6298145e-09
Internal,1.6298145e-09
Assignment,1.62981447e-09
Flush,1.62981447e-09
Expiration,1.62981446e-09
queue,1.61526254e-09
Hash,1.6007107e-09
Workflow,1.60071069e-09
Subprotocols,1.6007106799999999e-09
Interval,1.57160686e-09
SUBMIT,1.5716068299999999e-09
Jobs,1.5716068e-09
for,1.5716068e-09
Rule,1.542503e-09
inorder,1.54250298e-09
Allocator,1.5279511e-09
Is,1.5279511e-09
Until,1.5133992e-09
Sync,1.4988473e-09
srvc,1.48429533e-09
Uninterruptibles,1.484295325e-09
HTable,1.4806573639999997e-09
Pages,1.4770194e-09
ZKAssign,1.46974349e-09
with,1.45519153e-09
on,1.4551915e-09
IMarker,1.45519147e-09
Engine,1.4260877399999998e-09
Negotiated,1.42608773e-09
JMSException,1.41153578e-09
then,1.3969839e-09
after,1.3969839e-09
ZERO,1.3969839e-09
request,1.3969839e-09
True,1.3969839e-09
Answer,1.3969839e-09
Spawn,1.3969839e-09
Core,1.3969839e-09
file,1.3969839e-09
Running,1.3969839e-09
STATE,1.3969839e-09
Channel,1.39698384e-09
Check,1.38970789e-09
Suppress,1.36788004e-09
Structure,1.36060407e-09
preferred,1.34605214e-09
Remaining,1.3387762e-09
Override,1.3387762e-09
Message1,1.3387762e-09
Work,1.3387762e-09
App,1.3387762e-09
NODE,1.3242243e-09
qual,1.3096724e-09
Generic,1.3096724e-09
Web,1.3096724e-09
int,1.30967237e-09
LASTING,1.28056853e-09
j,1.2805685e-09
processor,1.2805685e-09
name,1.2805685e-09
Of,1.2805685e-09
Nodes,1.2587407100000002e-09
cluster,1.2369128e-09
broker,1.2223609199999999e-09
fail,1.2223609e-09
HRegion,1.2223609e-09
Play,1.2223609e-09
Local,1.19325703e-09
Balancer,1.193257e-09
previous,1.193257e-09
expired,1.17870514e-09
Media,1.1714292000000001e-09
Swipe,1.164153232e-09
Bookie,1.16415322e-09
core,1.1641532e-09
Node,1.1641532e-09
LONG,1.1641532e-09
of,1.1641532e-09
run,1.1641532e-09
fault,1.1641532e-09
ran,1.1350494e-09
Edge,1.1350494e-09
Send,1.1350494e-09
throws,1.13504939e-09
Tenant,1.13504939e-09
Grammar,1.13504937e-09
Locality,1.1204974599999999e-09
Config,1.1059456e-09
Filter,1.1059456e-09
completion,1.10594557e-09
validator,1.1059455699999998e-09
Blocking,1.1059455399999999e-09
ephemeral,1.091393666e-09
Producer,1.091393643e-09
MONITOR,1.0913936399999998e-09
Row,1.07684175e-09
node,1.0768417e-09
message,1.0768417e-09
my,1.05501387e-09
ACKNOWLEDGE,1.04773792e-09
listener,1.0477379e-09
num,1.0477379e-09
Configuration,1.0477379e-09
TIME,1.0477379e-09
Timeout,1.0477379e-09
URL,1.0477379e-09
buffer,1.0477379e-09
Add2,1.0477379e-09
reset,1.0477378999999999e-09
Alluxio,1.04773788e-09
Priority,1.033186e-09
max,1.033186e-09
future2,1.01863407e-09
Warnings,9.968062e-10
DFSTest,9.895302699999995e-10
Descriptor,9.8953024e-10
HColumn,9.8953024e-10
contains,9.8953024e-10
Evaluate,9.8953024e-10
calculator,9.8953023e-10
prod,9.8953023e-10
add,9.895302e-10
Assembly,9.895302e-10
spec,9.895302e-10
Point,9.822542899999999e-10
Crl,9.6770237e-10
asciisynth,9.604264e-10
unsubscribe,9.531504500000001e-10
ALREADY,9.45874506e-10
delay,9.458745e-10
increment,9.385985300000001e-10
close,9.313226e-10
Container,9.313226e-10
MAX,9.313226e-10
Persistent,9.313226e-10
1100,9.313226e-10
Application,9.313226e-10
error,9.313226e-10
Open,9.313226e-10
runtime,9.313226e-10
Subscribe,9.3132258e-10
iteration,9.3132257e-10
gauge,9.1677068e-10
Manager1,9.167706499999999e-10
swarm,9.0221876e-10
High,9.0221875e-10
Inactive,9.022187399999999e-10
build,8.9494277e-10
execute,8.731149200000001e-10
kv,8.7311492e-10
Tracing,8.7311492e-10
Buffer,8.731149100000001e-10
TOKEN,8.731149e-10
Tasks,8.5856299e-10
counsumer,8.5492504e-10
Builds,8.4401111e-10
services,8.440111e-10
zip,8.440111e-10
Counter,8.294591999999999e-10
to,8.2945917e-10
rarely,8.1490728e-10
h5,8.149072700000001e-10
PType,8.1490726e-10
producer1,8.149072599999998e-10
stats,8.1490725e-10
Flow,8.1490725e-10
touch,8.1490725e-10
Runtime,8.1490725e-10
Services,8.1490725e-10
BACKLOG,8.149072399999998e-10
oneway,8.149071999999998e-10
Notify,7.8580343e-10
And,7.8580343e-10
unack,7.8580342e-10
title,7.858034e-10
editor,7.785274600000001e-10
JMSRedelivered,7.785274600000001e-10
Manager,7.7125152e-10
Computed,7.712515099999999e-10
Most,7.712515e-10
Realm,7.6033756e-10
Strategy,7.566996e-10
Set,7.566996e-10
Proxy,7.566996e-10
Type,7.566996e-10
Multi,7.566996e-10
Absolute,7.566996e-10
selector,7.566995900000001e-10
SERVER,7.5669959e-10
sut,7.5669959e-10
Store,7.5669958e-10
Animations,7.42147674e-10
RPCPlugin,7.3487171e-10
Acquired,7.34871698e-10
COUNT,7.2759577e-10
Delete,7.2759576e-10
period,7.2759576e-10
Duplex,7.2759576e-10
Simple,7.2759576e-10
Add,7.2759576e-10
Harness,7.1304386e-10
h7,7.1304385e-10
RUNNING,6.9849194e-10
ID,6.9849193e-10
6000,6.9849193e-10
Transport,6.9849193e-10
Temp,6.9849193e-10
shouldn't,6.9849193e-10
i,6.9849193e-10
Invalidate,6.9849193e-10
Unit,6.9849193e-10
MS,6.9849193e-10
TABLENAME,6.803020210000001e-10
UPDATED,6.6938811e-10
2000,6.693881e-10
Triggered,6.6938809e-10
Mini,6.6575014e-10
crashed,6.5483619e-10
conf,6.4028427e-10
OUT,6.4028427e-10
Profile,6.4028427e-10
send,6.4028427e-10
Action,6.4028427e-10
Callback,6.4028427e-10
Managed,6.4028427e-10
Startup,6.4028427e-10
Regexp,6.402842599999998e-10
g2,6.3300832e-10
IOException,6.33008318e-10
contribution,6.3300831e-10
transport,6.2573236e-10
PRODUCE,6.257323400000001e-10
session,6.184564e-10
Equals,6.1118045e-10
Zip,6.1118044e-10
CANCEL,6.1118043e-10
Gauge,6.111803999999999e-10
HBase,6.0026651e-10
Locks,5.9662853e-10
UUID,5.966285200000001e-10
JMSMessage,5.966285040000001e-10
Coordinator,5.8207662e-10
Transfer,5.820766e-10
Call,5.820766e-10
collection,5.820766e-10
Ms,5.820766e-10
Factory,5.820766e-10
All,5.820766e-10
Scheduling,5.7480065e-10
resolve,5.7480065e-10
Cores,5.6752471e-10
THROUGHPUT,5.67524706e-10
wsdl,5.566107600000001e-10
be,5.529728e-10
playback,5.529728e-10
NOTIFY,5.5297278e-10
collector,5.5297278e-10
password3,5.5297278e-10
ledger,5.5297278e-10
Navigable,5.5297277e-10
Seconds,5.529727699999998e-10
Destination,5.529727699999998e-10
features,5.3842086e-10
Datagram,5.384208499999998e-10
Interactions,5.2386895e-10
issue,5.2386895e-10
Resources,5.2386895e-10
WORKER,5.2386894e-10
Sample,5.0931703e-10
Metric,5.0204107e-10
LOSS,5.0204107e-10
SYNC,4.9476512e-10
Scheduler,4.9476512e-10
RPC,4.9476512e-10
Receives,4.9476512e-10
Disabled,4.9476511e-10
While,4.947651e-10
foreground,4.947651e-10
Attempt,4.947651e-10
families,4.8748916e-10
Policy,4.8748916e-10
Recycler,4.87489142e-10
Serving,4.8021321e-10
Tcp,4.80213206e-10
AUTO,4.72937247e-10
In,4.7293724e-10
Routing,4.729372399999998e-10
Task,4.656613e-10
parse,4.656613e-10
A,4.656613e-10
Memory,4.656613e-10
Region,4.656613e-10
Released,4.656613e-10
msg,4.656613e-10
next,4.656613e-10
Notification,4.6566129e-10
sess,4.65661285e-10
Boolean,4.6566128e-10
expire,4.5110938e-10
SC1,4.5110937e-10
Maximum,4.5110937e-10
update,4.5110937e-10
Lsb,4.5110937e-10
Jbi,4.5110937e-10
play,4.5110937e-10
AGENT,4.51109354e-10
Graceful,4.4383342e-10
corfu,4.4019543e-10
Cert,4.3655746e-10
Prefetch,4.3655745599999997e-10
Dataset,4.3655745e-10
Retransmission,4.3655745e-10
Table1,4.3655745e-10
Batching,4.3655745e-10
2,4.292815e-10
Observer,4.2200554e-10
crud,4.2200551999999997e-10
Delayed,4.1472959e-10
Flume,4.1472959e-10
log,4.0745363e-10
409,4.0745363e-10
Op,4.0745363e-10
cp,4.0745363e-10
src,4.0745363e-10
NON,4.0745363e-10
channel,4.0745363e-10
As,4.0745363e-10
Initiated,4.07453626e-10
Subscription,4.0745361999999997e-10
Zk,4.0745361999999997e-10
CFG,4.00177673e-10
parent,4.0017767e-10
Player,4.0017767e-10
STORE,4.0017766e-10
Async,3.9835868e-10
Snapshot,3.9290171e-10
Header,3.8562575e-10
Concurrent,3.7834981e-10
Usage,3.783498e-10
Array,3.783498e-10
Stats,3.783498e-10
Conf,3.783498e-10
Rss,3.7834978000000005e-10
Ledger,3.6743585499999997e-10
Exception,3.6379788e-10
Single,3.6379788e-10
success,3.6379788e-10
overriden,3.63797874e-10
reconnect,3.6379787e-10
hnd,3.5652191500000003e-10
Impl,3.4924597e-10
Wire,3.4924597e-10
do,3.4924597e-10
Full,3.4924597e-10
times,3.4924597e-10
manager,3.4924597e-10
abc,3.4924597e-10
Metering,3.4924596e-10
Mutation,3.4924593999999997e-10
wsn,3.4197001e-10
Instance,3.3469405e-10
DELAY,3.3469405e-10
Id,3.3469405e-10
Accessor,3.2741809300000005e-10
Subscriptions,3.27418093e-10
verify,3.2741808999999996e-10
hsi,3.2014214e-10
rm,3.2014214e-10
Close,3.2014214e-10
Hung,3.2014214e-10
swipe,3.2014214e-10
False,3.2014214e-10
Api,3.2014213600000004e-10
recycler,3.2014213e-10
topics,3.2014212999999997e-10
60010,3.1286618e-10
responses,3.1286617800000003e-10
CONTEXT,3.05590224e-10
consume,3.0559022e-10
Display,3.0559022e-10
Grpc,2.98314264e-10
Closeable,2.9103831e-10
HBASE,2.910383e-10
Cleanup,2.910383e-10
receive,2.910383e-10
Bytes,2.910383e-10
Started,2.76486394e-10
Consumers,2.7284841e-10
HTTPConduit,2.71029422e-10
realm,2.6921043e-10
Round2,2.6557246e-10
Milliseconds,2.6193447e-10
expected,2.6193447e-10
open,2.6193447e-10
coordinator,2.6193447e-10
LOWER,2.6193447e-10
File,2.5465852e-10
Children,2.4738256e-10
Subscriber,2.40106599e-10
Endpoints,2.32830654e-10
produce,2.32830645e-10
Assign,2.3283064e-10
Beam,2.3283064e-10
greeter,2.3283064e-10
SLEEP,2.2555469e-10
Method,2.1100277e-10
data,1.7462298e-10
